{"version":"1.0.0","algorithm":"bm25","params":{"k1":1.5,"b":0.75},"totalDocs":3,"avgFieldLengths":{"name":2,"description":5,"tags":3.3333333333333335},"idf":{"api":0.9808292530117264,"endpoints":0.9808292530117264,"edgeshield":0.4700036292457356,"dashboard":0.9808292530117264,"documentation":0.9808292530117264,"rest":0.9808292530117264,"architecture":0.9808292530117264,"overview":0.9808292530117264,"enterprise":0.9808292530117264,"edge":0.9808292530117264,"security":0.4700036292457356,"hub":0.9808292530117264,"strategy":0.9808292530117264,"threat":0.9808292530117264,"mitigation":0.9808292530117264,"waf":0.9808292530117264,"threats":0.9808292530117264},"documents":[{"id":"api/api-endpoints","tokens":{"name":["api","endpoints"],"description":["edgeshield","dashboard","api","documentation"],"tags":["api","rest","endpoints"]}},{"id":"architecture/architecture-overview","tokens":{"name":["architecture","overview"],"description":["overview","enterprise","edge","security","hub","architecture"],"tags":["security","edge","architecture","enterprise"]}},{"id":"security/security-strategy","tokens":{"name":["security","strategy"],"description":["edgeshield","security","threat","mitigation","strategy"],"tags":["security","waf","threats"]}}]}